RelatedType,RelatedName,VisitDate,VisitType,RawText,AISummary,RecordedBy
仲介業者,田中 一郎,2026-03-10 14:30,訪問アポ,横浜支店移転の件で挨拶。息子さんが少年野球の地区大会で準優勝したと嬉しそうに話していた。次の大型案件は秋頃に出そうとのこと。,横浜支店移転案件のフォロー訪問。私的な話題（息子の野球）で関係良好。次回大型案件は秋頃の見込み。,sato@ourcompany.example.jp
仲介業者,山田 花子,2026-04-07 11:00,訪問アポ,ワインの差し入れ持参。ブルーオーシャン社の件は無事成約。次はIT系スタートアップの紹介を検討してくれている。,ブルーオーシャン案件成約のお礼訪問。次はIT系スタートアップ案件を検討中。,sato@ourcompany.example.jp
仲介業者,佐々木 健,2026-02-18 16:00,訪問アポ,明和フーズの物流拠点案件について振り返り。業界の移転トレンドについて貴重な情報をいただいた。読書好きで最近の経営書を薦められた。,明和フーズ案件の振り返り。業界トレンド情報を入手。良好な関係継続中。,sato@ourcompany.example.jp
仲介業者,渡辺 浩,2026-01-15 10:00,電話,年始の挨拶。横浜エリアで新しい引き合いがありそうとのこと。詳細は後日。,年始挨拶の電話。横浜エリアで新規引き合いの可能性あり。要フォロー。,suzuki-m@ourcompany.example.jp
既存顧客,株式会社DEF商事,2025-03-10 13:00,訪問アポ,移転完了後の状況確認。新オフィスに満足とのこと。決算は3月なので予算は4月以降に動く。レイアウト微調整の相談あり。,移転後フォロー訪問。新オフィス満足。3月決算で予算は4月以降。レイアウト微調整の相談あり。,sato@ourcompany.example.jp
既存顧客,明和フーズ株式会社,2024-12-10 15:00,訪問アポ,移転1年後の状況確認。増員に伴い手狭になりつつあるとの発言あり。次回移転の可能性が出てきた。決算は3月。,移転1年後フォロー。増員で手狭になりつつあり、次回移転の可能性。要継続フォロー。,sato@ourcompany.example.jp
既存顧客,株式会社みらい教育,2024-06-02 11:30,電話,移転後のご挨拶。特に問題なしとのことだが、それ以来連絡できていない。,移転後の挨拶電話。問題なしだが以降フォローが途絶えている。,sato@ourcompany.example.jp
既存顧客,グリーンテック株式会社,2026-05-28 14:00,訪問ついで,近くまで来たので立ち寄り。事業好調で来期さらに増員予定。オフィス拡張の検討が再燃する可能性。,立ち寄り訪問。事業好調で増員予定、オフィス拡張再検討の可能性あり。,sato@ourcompany.example.jp
既存顧客,東和ロジスティクス,2025-12-18 16:30,メモ,木村部長からメールで「来年の組織改編でフロア再編があるかも」と連絡。重要なのでメモ。,メールにて組織改編によるフロア再編の可能性の連絡。要追跡。,suzuki-m@ourcompany.example.jp
